{
    "version": 1,
    "author": "Uri Shaked",
    "editor": "wokwi",
    "parts": [
      { "type": "board-esp32-devkit-c-v4", "id": "esp", "top": -19.2, "left": -235.16, "attrs": {} },
      {
        "type": "wokwi-pushbutton",
        "id": "btn1",
        "top": 63.8,
        "left": -9.6,
        "attrs": { "color": "green", "xray": "1" }
      },
      { "type": "wokwi-relay-module", "id": "relay1", "top": -76.6, "left": 0, "attrs": {} },
      {
        "type": "wokwi-led",
        "id": "led1",
        "top": 121.2,
        "left": -82.6,
        "attrs": { "color": "red" }
      }
    ],
    "connections": [
      [ "esp:TX", "$serialMonitor:RX", "", [] ],
      [ "esp:RX", "$serialMonitor:TX", "", [] ],
      [ "relay1:VCC", "esp:3V3", "red", [ "h0" ] ],
      [ "relay1:GND", "esp:GND.2", "black", [ "h0" ] ],
      [ "relay1:IN", "esp:23", "green", [ "h-134.4", "v57.4" ] ],
      [ "btn1:2.l", "esp:GND.2", "green", [ "h0" ] ],
      [ "btn1:1.l", "esp:19", "green", [ "h0" ] ],
      [ "led1:A", "esp:18", "green", [ "v0" ] ],
      [ "led1:C", "esp:GND.2", "green", [ "v0" ] ]
    ],
    "dependencies": {}
  }